review_text,sentiment
"This product exceeded my expectations. Excellent quality and fast delivery!",1
"Waste of money. Broke after one week of use.",0
"Amazing! Best purchase I've made this year. Highly recommend to everyone.",1
"Terrible quality control. Product arrived damaged.",0
"Great value for the price. Very satisfied with my purchase.",1
"Horrible customer service and poor product quality.",0
"Love it! Using it every single day. Worth every penny.",1
"Not as described in the listing. Very disappointed.",0
"Fantastic product. Exceeded all my expectations. Five stars!",1
"Poor quality and broken upon arrival. Requesting refund.",0
"Excellent quality! Fast shipping and great packaging.",1
"Absolutely terrible. Stopped working after 3 days.",0
"Best product ever! Perfect quality and great price.",1
"Disappointing purchase. Doesn't work as advertised.",0
"Outstanding quality and excellent customer service!",1
"Awful product. Regret buying this item.",0
"Superb! Exactly what I needed. Very happy with purchase.",1
"Low quality materials. Not worth the money spent.",0
"Perfect! Great quality and arrived ahead of schedule.",1
"Terrible experience. Product is defective and unusable.",0
"Amazing quality! Highly recommended to all friends.",1
"Waste of money. Complete disappointment.",0
"Excellent purchase! Very satisfied overall.",1
"Poor quality construction. Fell apart easily.",0
"Love this product! Best value for money.",1
"Very disappointed. Product does not meet expectations.",0
"Outstanding! Exactly as described. Very happy.",1
"Horrible quality. Completely broken.",0
"Fantastic product! Recommend to everyone!",1
"Not recommended. Serious quality issues.",0
"Brilliant! Exactly what I was looking for.",1
"Terrible build quality. Very unreliable product.",0
"Excellent value! Great quality at this price point.",1
"Disappointing and cheap quality materials.",0
"Perfect product! No complaints whatsoever.",1
"Awful quality. Fell apart after first use.",0
"Amazing quality and fast delivery. Very happy!",1
"Poor performance. Does not work properly.",0
"Best purchase ever! Highly satisfied customer.",1
"Defective product. Completely unusable.",0
"Wonderful quality! Exceeded expectations greatly.",1
"Terrible customer service and poor product.",0
"Excellent! Exactly as promised. Very satisfied.",1
"Cheap quality. Not recommended to others.",0
"Fantastic quality! Highly recommend this product.",1
"Terrible workmanship. Product is faulty.",0
"Great quality and excellent service overall!",1
"Low quality and poor durability.",0
"Perfect! Everything works great so far.",1
"Horrible product. Do not buy this.",0
"Amazing! Fantastic quality and great price.",1
"Disappointing quality. Not worth the cost.",0
"Excellent product! Very satisfied overall.",1
"Bad quality materials. Not recommended.",0
"Outstanding! Best product I've purchased.",1
"Defective and unreliable product quality.",0
"Perfect quality! Highly recommended product.",1
"Terrible experience. Avoid this product.",0
"Excellent! Great quality and great value.",1
"Poor quality control. Regret this purchase.",0
"Amazing product! Exactly what I needed.",1
"Awful quality. Complete waste of money.",0
"Fantastic! Love this product very much.",1
"Broken and unusable upon arrival.",0
"Excellent quality! Very happy with purchase.",1
"Subpar quality and poor construction.",0
"Perfect! Meets all my expectations perfectly.",1
"Terrible. Should not have bought this.",0
"Great quality! Highly satisfied overall.",1
"Low quality product. Not recommended.",0
"Wonderful! Exceeded all expectations greatly.",1
"Defective. Does not work as advertised.",0
"Excellent! Best product at this price.",1
"Horrible quality. Very disappointed overall.",0
"Outstanding! Exactly as described perfectly.",1
"Poor quality materials throughout product.",0
"Perfect product! No issues whatsoever.",1
"Terrible build quality. Very unreliable.",0
"Fantastic quality! Highly recommend product.",1
"Disappointing. Not as good as expected.",0
"Excellent! Very satisfied customer overall.",1
"Bad construction. Fell apart quickly.",0
"Amazing! Best value purchase ever made.",1
"Faulty product. Does not function properly.",0
"Great quality! Excellent value overall.",1
"Cheap materials. Not worth the price.",0
"Perfect! Everything works wonderfully so far.",1
"Broken and defective product received.",0
"Excellent product! Very happy overall.",1
"Substandard quality. Not recommended at all.",0
"Wonderful quality! Exactly what needed.",1
"Terrible. Completely faulty and unusable.",0
"Outstanding! Best product purchased recently.",1
"Poor quality control and durability.",0
"Perfect! Highly satisfied with purchase.",1
"Awful product. Complete disappointment.",0
